Category,Count,Average
Movies_and_TV_5.json,17533,4.110648217148062
Digital_Music_5.json,64706,4.22251414088338
Amazon_Instant_Video_,37126,4.209529709637451
